timestamp,client_id,seq,client_ts,inter_arrival_ms,jitter_ms,raw_steering,filtered_steering,throttle,brake,handbrake
44032.66130626126,node_viva_demo,1,44032.6587469,16.6,0.0,1.96,1.96,180,0,0
44032.67972176322,node_viva_demo,2,44032.675346899996,18.42,1.82,2.88,2.29,180,0,0
44032.695825108116,node_viva_demo,3,44032.6919469,16.1,0.5,2.55,2.38,180,0,0
44032.709842550415,node_viva_demo,4,44032.7085469,14.02,2.58,3.01,2.6,180,0,0
44032.728564284575,node_viva_demo,5,44032.7251469,18.72,2.12,1.34,2.16,180,0,0
44032.74398085565,node_viva_demo,6,44032.7417469,15.42,1.18,7.31,3.96,180,0,0
44032.760917228305,node_viva_demo,7,44032.758346899995,16.94,0.34,3.89,3.93,180,0,0
44032.776955802765,node_viva_demo,8,44032.7749469,16.04,0.56,6.68,4.89,180,0,0
44032.79372273647,node_viva_demo,9,44032.7915469,16.77,0.17,10.12,6.72,180,0,0
44032.81106823738,node_viva_demo,10,44032.808146899995,17.35,0.75,6.2,6.54,180,0,0
44032.827408124875,node_viva_demo,11,44032.8247469,16.34,0.26,7.43,6.85,180,0,0
44032.8433740782,node_viva_demo,12,44032.8413469,15.97,0.63,10.33,8.07,180,0,0
44032.86141509104,node_viva_demo,13,44032.857946899996,18.04,1.44,8.74,8.3,180,0,0
44032.87686437131,node_viva_demo,14,44032.8745469,15.45,1.15,11.25,9.34,180,0,0
44032.894615102814,node_viva_demo,15,44032.8911469,17.75,1.15,12.92,10.59,180,0,0
44032.90999179441,node_viva_demo,16,44032.9077469,15.38,1.22,11.09,10.77,180,0,0
44032.92650380764,node_viva_demo,17,44032.9243469,16.51,0.09,16.02,12.61,180,0,0
44032.94401953644,node_viva_demo,18,44032.940946899995,17.52,0.92,11.1,12.08,180,0,0
44032.95914613394,node_viva_demo,19,44032.9575469,15.13,1.47,12.15,12.11,180,0,0
44032.97623977762,node_viva_demo,20,44032.9741469,17.09,0.49,11.95,12.05,180,0,0
44032.994452587314,node_viva_demo,21,44032.990746899995,18.21,1.61,17.09,13.81,180,0,0
44033.00916242246,node_viva_demo,22,44033.0073469,14.71,1.89,15.77,14.5,180,0,0
44033.026951393105,node_viva_demo,23,44033.0239469,17.79,1.19,18.61,15.93,180,0,0
44033.04286689594,node_viva_demo,24,44033.040546899996,15.92,0.68,14.5,15.43,180,0,0
44033.05832281158,node_viva_demo,25,44033.0571469,15.46,1.14,15.79,15.56,180,0,0
44033.07633482298,node_viva_demo,26,44033.0737469,18.01,1.41,16.46,15.87,180,0,0
44033.094286568856,node_viva_demo,27,44033.0903469,17.95,1.35,19.85,17.27,180,0,0
44033.10957748916,node_viva_demo,28,44033.1069469,15.29,1.31,20.12,18.27,180,0,0
44033.12471594987,node_viva_demo,29,44033.123546899995,15.14,1.46,15.43,17.27,180,0,0
44033.14328152967,node_viva_demo,30,44033.1401469,18.57,1.97,19.36,18.0,180,0,0
44033.160509731926,node_viva_demo,31,44033.1567469,17.23,0.63,19.55,18.54,180,0,0
44033.177167026275,node_viva_demo,32,44033.173346899996,16.66,0.06,17.64,18.23,180,0,0
44033.19215755727,node_viva_demo,33,44033.1899469,14.99,1.61,20.88,19.16,180,0,0
44033.20909273248,node_viva_demo,34,44033.2065469,16.94,0.34,16.83,18.34,180,0,0
44033.22530094003,node_viva_demo,35,44033.223146899996,16.21,0.39,22.03,19.63,180,0,0
44033.24158524471,node_viva_demo,36,44033.2397469,16.28,0.32,22.14,20.51,180,0,0
44033.259504219954,node_viva_demo,37,44033.2563469,17.92,1.32,20.5,20.51,180,0,0
44033.275808276754,node_viva_demo,38,44033.2729469,16.3,0.3,20.59,20.54,180,0,0
44033.29142356685,node_viva_demo,39,44033.2895469,15.62,0.98,22.57,21.25,180,0,0
44033.3074981818,node_viva_demo,40,44033.306146899995,16.07,0.53,19.29,20.56,180,0,0
44033.32591447368,node_viva_demo,41,44033.3227469,18.42,1.82,21.35,20.84,180,0,0
44033.34204525624,node_viva_demo,42,44033.3393469,16.13,0.47,22.72,21.5,180,0,0
44033.35895761153,node_viva_demo,43,44033.355946899996,16.91,0.31,19.71,20.87,180,0,0
44033.37580385134,node_viva_demo,44,44033.3725469,16.85,0.25,19.71,20.46,180,0,0
44033.391756581885,node_viva_demo,45,44033.3891469,15.95,0.65,19.62,20.17,180,0,0
44033.408132351666,node_viva_demo,46,44033.405746899996,16.38,0.22,23.69,21.4,180,0,0
44033.42745610047,node_viva_demo,47,44033.4223469,19.32,2.72,23.72,22.21,180,0,0
44033.44073701799,node_viva_demo,48,44033.438946899994,13.28,3.32,25.5,23.36,180,0,0
44033.45671157432,node_viva_demo,49,44033.4555469,15.97,0.63,23.44,23.39,180,0,0
44033.47337577573,node_viva_demo,50,44033.4721469,16.66,0.06,22.24,22.99,180,0,0
44033.49204988164,node_viva_demo,51,44033.488746899995,18.67,2.07,16.93,20.87,180,0,0
44033.508688788694,node_viva_demo,52,44033.5053469,16.64,0.04,21.5,21.09,180,0,0
44033.52580490332,node_viva_demo,53,44033.5219469,17.12,0.52,21.72,21.31,180,0,0
44033.542018401604,node_viva_demo,54,44033.538546899996,16.21,0.39,23.72,22.15,180,0,0
44033.55802468682,node_viva_demo,55,44033.5551469,16.01,0.59,23.42,22.6,180,0,0
44033.573236345626,node_viva_demo,56,44033.5717469,15.21,1.39,21.48,22.21,180,0,0
44033.59125867375,node_viva_demo,57,44033.5883469,18.02,1.42,21.05,21.8,180,0,0
44033.60735049389,node_viva_demo,58,44033.6049469,16.09,0.51,19.07,20.85,180,0,0
44033.623245694565,node_viva_demo,59,44033.621546899994,15.9,0.7,19.53,20.38,180,0,0
44033.640305667825,node_viva_demo,60,44033.6381469,17.06,0.46,19.57,20.1,180,0,0
44033.65831107533,node_viva_demo,61,44033.6547469,18.01,1.41,18.76,19.63,180,0,0
44033.67343779544,node_viva_demo,62,44033.671346899995,15.13,1.47,18.83,19.35,180,0,0
44033.69064343712,node_viva_demo,63,44033.6879469,17.21,0.61,18.49,19.05,180,0,0
44033.7080276311,node_viva_demo,64,44033.7045469,17.38,0.78,18.61,18.9,180,0,0
44033.723720624825,node_viva_demo,65,44033.721146899996,15.69,0.91,12.29,16.58,180,0,0
44033.73958902049,node_viva_demo,66,44033.7377469,15.87,0.73,17.05,16.75,180,0,0
44033.75744507212,node_viva_demo,67,44033.7543469,17.86,1.26,13.54,15.62,180,0,0
44033.773943862514,node_viva_demo,68,44033.7709469,16.5,0.1,13.76,14.97,180,0,0
44033.790668969006,node_viva_demo,69,44033.7875469,16.73,0.13,15.55,15.17,180,0,0
44033.80566295613,node_viva_demo,70,44033.804146899995,14.99,1.61,12.97,14.4,180,0,0
44033.82305886662,node_viva_demo,71,44033.8207469,17.4,0.8,15.75,14.88,180,0,0
44033.83955428354,node_viva_demo,72,44033.8373469,16.5,0.1,12.5,14.04,180,0,0
44033.85674231968,node_viva_demo,73,44033.853946899995,17.19,0.59,12.29,13.43,180,0,0
44033.87177473635,node_viva_demo,74,44033.8705469,15.03,1.57,13.96,13.61,180,0,0
44033.88983470524,node_viva_demo,75,44033.8871469,18.06,1.46,9.04,12.01,180,0,0
44033.90674445623,node_viva_demo,76,44033.903746899996,16.91,0.31,11.78,11.93,180,0,0
44033.922936473384,node_viva_demo,77,44033.9203469,16.19,0.41,6.96,10.19,180,0,0
44033.93882027001,node_viva_demo,78,44033.9369469,15.88,0.72,8.41,9.57,180,0,0
44033.95628634703,node_viva_demo,79,44033.9535469,17.47,0.87,8.77,9.29,180,0,0
44033.973001816834,node_viva_demo,80,44033.9701469,16.72,0.12,6.14,8.19,180,0,0
44033.98768614261,node_viva_demo,81,44033.986746899995,14.68,1.92,5.25,7.16,180,0,0
44034.006302771704,node_viva_demo,82,44034.0033469,18.62,2.02,5.76,6.67,180,0,0
44034.02102844562,node_viva_demo,83,44034.0199469,14.73,1.87,5.85,6.38,180,0,0
44034.03865494945,node_viva_demo,84,44034.036546899995,17.63,1.03,2.7,5.09,180,0,0
44034.05772208083,node_viva_demo,85,44034.0531469,19.07,2.47,4.48,4.88,180,0,0
44034.07128917052,node_viva_demo,86,44034.0697469,13.57,3.03,0.7,3.42,180,0,0
44034.09022085433,node_viva_demo,87,44034.086346899996,18.93,2.33,2.86,3.22,180,0,0
44034.106431862965,node_viva_demo,88,44034.1029469,16.21,0.39,0.09,2.13,180,0,0
44034.12208897637,node_viva_demo,89,44034.1195469,15.66,0.94,0.29,1.48,180,0,0
44034.13893990528,node_viva_demo,90,44034.1361469,16.85,0.25,-1.87,0.31,180,0,0
44034.15545059673,node_viva_demo,91,44034.1527469,16.51,0.09,-1.72,-0.4,180,0,0
44034.17118234332,node_viva_demo,92,44034.169346899995,15.73,0.87,-2.39,-1.09,180,0,0
44034.18907357337,node_viva_demo,93,44034.1859469,17.89,1.29,-4.04,-2.13,180,0,0
44034.2042198216,node_viva_demo,94,44034.2025469,15.15,1.45,-4.91,-3.1,180,0,0
44034.22049824335,node_viva_demo,95,44034.219146899995,16.28,0.32,-2.69,-2.96,180,0,0
44034.23967053275,node_viva_demo,96,44034.2357469,19.17,2.57,-7.03,-4.38,180,0,0
44034.2535048529,node_viva_demo,97,44034.2523469,13.83,2.77,-6.07,-4.97,180,0,0
44034.27169167786,node_viva_demo,98,44034.268946899996,18.19,1.59,-8.27,-6.13,180,0,0
44034.28719698169,node_viva_demo,99,44034.2855469,15.51,1.09,-9.06,-7.16,180,0,0
44034.304437770326,node_viva_demo,100,44034.3021469,17.24,0.64,-5.82,-6.69,180,0,0
44034.32100575585,node_viva_demo,101,44034.3187469,16.57,0.03,-8.64,-7.37,180,0,0
44034.33651313201,node_viva_demo,102,44034.3353469,15.51,1.09,-8.34,-7.71,180,0,0
44034.35429690631,node_viva_demo,103,44034.351946899995,17.78,1.18,-13.0,-9.56,180,0,0
44034.36985102706,node_viva_demo,104,44034.3685469,15.55,1.05,-12.05,-10.43,180,0,0
44034.387718343794,node_viva_demo,105,44034.3851469,17.87,1.27,-10.98,-10.62,180,0,0
44034.40378734712,node_viva_demo,106,44034.401746899995,16.07,0.53,-6.34,-9.12,180,0,0
44034.42304898782,node_viva_demo,107,44034.4183469,19.26,2.66,-14.15,-10.88,180,0,0
44034.43593308353,node_viva_demo,108,44034.4349469,12.88,3.72,-13.74,-11.88,180,0,0
44034.45440974282,node_viva_demo,109,44034.451546899996,18.48,1.88,-13.82,-12.56,180,0,0
44034.47177509894,node_viva_demo,110,44034.4681469,17.37,0.77,-14.38,-13.2,180,0,0
44034.48926693602,node_viva_demo,111,44034.4847469,17.49,0.89,-15.74,-14.09,180,0,0
44034.50424662974,node_viva_demo,112,44034.5013469,14.98,1.62,-16.09,-14.79,180,0,0
44034.52011667594,node_viva_demo,113,44034.5179469,15.87,0.73,-16.29,-15.31,180,0,0
44034.537946674056,node_viva_demo,114,44034.534546899995,17.83,1.23,-11.79,-14.08,180,0,0
44034.55429320043,node_viva_demo,115,44034.5511469,16.35,0.25,-15.49,-14.57,180,0,0
44034.57126427495,node_viva_demo,116,44034.5677469,16.97,0.37,-15.7,-14.97,180,0,0
44034.58577394832,node_viva_demo,117,44034.584346899996,14.51,2.09,-17.83,-15.97,180,0,0
44034.60313468786,node_viva_demo,118,44034.6009469,17.36,0.76,-19.62,-17.25,180,0,0
44034.6196824615,node_viva_demo,119,44034.6175469,16.55,0.05,-17.2,-17.23,180,0,0
44034.63711424489,node_viva_demo,120,44034.634146899996,17.43,0.83,-18.46,-17.66,180,0,0
44034.65311508213,node_viva_demo,121,44034.6507469,16.0,0.6,-19.63,-18.35,180,0,0
44034.66960281757,node_viva_demo,122,44034.667346899994,16.49,0.11,-18.66,-18.46,180,0,0
44034.686343697955,node_viva_demo,123,44034.6839469,16.74,0.14,-21.65,-19.58,180,0,0
44034.70398332843,node_viva_demo,124,44034.7005469,17.64,1.04,-24.66,-21.36,180,0,0
44034.72007914792,node_viva_demo,125,44034.717146899995,16.1,0.5,-20.69,-21.12,180,0,0
44034.73599105801,node_viva_demo,126,44034.7337469,15.91,0.69,-21.14,-21.13,180,0,0
44034.75174382784,node_viva_demo,127,44034.7503469,15.75,0.85,-18.65,-20.26,180,0,0
44034.768053754204,node_viva_demo,128,44034.766946899996,16.31,0.29,-20.29,-20.27,180,0,0
44034.78653083504,node_viva_demo,129,44034.7835469,18.48,1.88,-22.3,-20.98,180,0,0
44034.80242405766,node_viva_demo,130,44034.8001469,15.89,0.71,-21.16,-21.04,180,0,0
44034.819557798415,node_viva_demo,131,44034.816746899996,17.13,0.53,-20.21,-20.75,180,0,0
44034.83545985992,node_viva_demo,132,44034.8333469,15.9,0.7,-19.68,-20.38,180,0,0
44034.85277068498,node_viva_demo,133,44034.849946899994,17.31,0.71,-22.24,-21.03,180,0,0
44034.86909680614,node_viva_demo,134,44034.8665469,16.33,0.27,-19.02,-20.33,180,0,0
44034.88592330316,node_viva_demo,135,44034.8831469,16.83,0.23,-19.15,-19.91,180,0,0
44034.90236411518,node_viva_demo,136,44034.899746899995,16.44,0.16,-21.3,-20.4,180,0,0
44034.91945705738,node_viva_demo,137,44034.9163469,17.09,0.49,-22.83,-21.25,180,0,0
44034.93545819548,node_viva_demo,138,44034.9329469,16.0,0.6,-24.23,-22.29,180,0,0
44034.952370415725,node_viva_demo,139,44034.949546899996,16.91,0.31,-20.09,-21.52,180,0,0
44034.96983380391,node_viva_demo,140,44034.9661469,17.46,0.86,-21.73,-21.6,180,0,0
44034.98539996376,node_viva_demo,141,44034.9827469,15.57,1.03,-23.32,-22.2,180,0,0
44035.00252809685,node_viva_demo,142,44034.9993469,17.13,0.53,-20.13,-21.47,180,0,0
44035.01930130329,node_viva_demo,143,44035.0159469,16.77,0.17,-17.83,-20.2,180,0,0
44035.034897811885,node_viva_demo,144,44035.032546899994,15.6,1.0,-21.37,-20.61,180,0,0
44035.05195008479,node_viva_demo,145,44035.0491469,17.05,0.45,-21.06,-20.77,180,0,0
44035.06744330917,node_viva_demo,146,44035.0657469,15.49,1.11,-19.88,-20.46,180,0,0
44035.08396480653,node_viva_demo,147,44035.082346899995,16.52,0.08,-20.35,-20.42,180,0,0
44035.10078351828,node_viva_demo,148,44035.0989469,16.82,0.22,-20.18,-20.33,180,0,0
44035.118007037,node_viva_demo,149,44035.1155469,17.22,0.62,-18.95,-19.85,180,0,0
44035.13432262558,node_viva_demo,150,44035.132146899996,16.32,0.28,-17.81,-19.13,180,0,0
44035.15214366307,node_viva_demo,151,44035.1487469,17.82,1.22,-18.75,-19.0,180,0,0
44035.168152542545,node_viva_demo,152,44035.1653469,16.01,0.59,-17.74,-18.56,180,0,0
44035.18393457956,node_viva_demo,153,44035.1819469,15.78,0.82,-18.93,-18.69,180,0,0
44035.19954391787,node_viva_demo,154,44035.1985469,15.61,0.99,-15.59,-17.6,180,0,0
44035.21729866638,node_viva_demo,155,44035.215146899995,17.75,1.15,-12.93,-15.97,180,0,0
44035.234007344865,node_viva_demo,156,44035.2317469,16.71,0.11,-13.8,-15.21,180,0,0
44035.25099920143,node_viva_demo,157,44035.2483469,16.99,0.39,-15.59,-15.34,180,0,0
44035.26754581531,node_viva_demo,158,44035.264946899995,16.55,0.05,-13.99,-14.87,180,0,0
44035.2832465457,node_viva_demo,159,44035.2815469,15.7,0.9,-16.05,-15.28,180,0,0
44035.29975329984,node_viva_demo,160,44035.2981469,16.51,0.09,-14.73,-15.09,180,0,0
44035.31708223825,node_viva_demo,161,44035.314746899996,17.33,0.73,-12.36,-14.13,180,0,0
44035.33558573292,node_viva_demo,162,44035.3313469,18.5,1.9,-15.69,-14.68,180,0,0
44035.35059477877,node_viva_demo,163,44035.3479469,15.01,1.59,-12.59,-13.95,180,0,0
44035.36798283155,node_viva_demo,164,44035.3645469,17.39,0.79,-12.62,-13.48,180,0,0
44035.384960194046,node_viva_demo,165,44035.3811469,16.98,0.38,-11.98,-12.96,180,0,0
44035.400527747544,node_viva_demo,166,44035.397746899995,15.57,1.03,-8.34,-11.34,180,0,0
44035.41832113968,node_viva_demo,167,44035.4143469,17.79,1.19,-9.91,-10.84,180,0,0
44035.43226896285,node_viva_demo,168,44035.4309469,13.95,2.65,-12.4,-11.39,180,0,0
44035.4509726858,node_viva_demo,169,44035.447546899995,18.7,2.1,-6.93,-9.83,180,0,0
44035.46662489144,node_viva_demo,170,44035.4641469,15.65,0.95,-7.08,-8.87,180,0,0
44035.48282205552,node_viva_demo,171,44035.4807469,16.2,0.4,-5.2,-7.58,180,0,0
44035.50007557707,node_viva_demo,172,44035.497346899996,17.25,0.65,-4.29,-6.43,180,0,0
44035.51683813798,node_viva_demo,173,44035.5139469,16.76,0.16,-2.28,-4.98,180,0,0
44035.53201069825,node_viva_demo,174,44035.5305469,15.17,1.43,-2.8,-4.22,180,0,0
44035.55028030754,node_viva_demo,175,44035.5471469,18.27,1.67,-2.83,-3.73,180,0,0
44035.56723022204,node_viva_demo,176,44035.5637469,16.95,0.35,-0.34,-2.54,180,0,0
44035.582602461654,node_viva_demo,177,44035.580346899995,15.37,1.23,-5.82,-3.69,180,0,0
44035.600556625905,node_viva_demo,178,44035.5969469,17.95,1.35,-2.88,-3.41,180,0,0
44035.617268218324,node_viva_demo,179,44035.6135469,16.71,0.11,-2.49,-3.09,180,0,0
44035.63226607924,node_viva_demo,180,44035.630146899995,15.0,1.6,-1.98,-2.7,180,0,0
44035.64859262925,node_viva_demo,181,44035.6467469,16.33,0.27,1.96,-1.07,180,0,0
44035.666381069605,node_viva_demo,182,44035.6633469,17.79,1.19,4.32,0.82,180,0,0
44035.68040661705,node_viva_demo,183,44035.679946899996,14.03,2.57,4.98,2.27,180,0,0
44035.7005208529,node_viva_demo,184,44035.6965469,20.11,3.51,1.22,1.91,180,0,0
44035.71533588177,node_viva_demo,185,44035.7131469,14.82,1.78,3.54,2.48,180,0,0
44035.73310087305,node_viva_demo,186,44035.7297469,17.76,1.16,2.59,2.52,180,0,0
44035.74960961552,node_viva_demo,187,44035.7463469,16.51,0.09,2.43,2.48,180,0,0
44035.76482417244,node_viva_demo,188,44035.762946899995,15.21,1.39,6.79,3.99,180,0,0
44035.781014409156,node_viva_demo,189,44035.7795469,16.19,0.41,6.27,4.79,180,0,0
44035.798715479126,node_viva_demo,190,44035.7961469,17.7,1.1,5.68,5.1,180,0,0
44035.81614806955,node_viva_demo,191,44035.812746899996,17.43,0.83,9.13,6.51,180,0,0
44035.831837636084,node_viva_demo,192,44035.8293469,15.69,0.91,6.28,6.43,180,0,0
44035.84923772222,node_viva_demo,193,44035.8459469,17.4,0.8,8.34,7.1,180,0,0
44035.86463161384,node_viva_demo,194,44035.862546899996,15.39,1.21,10.41,8.26,180,0,0
44035.882000979815,node_viva_demo,195,44035.8791469,17.37,0.77,12.53,9.75,180,0,0
44035.89725566795,node_viva_demo,196,44035.895746899994,15.25,1.35,12.86,10.84,180,0,0
44035.91302925983,node_viva_demo,197,44035.9123469,15.77,0.83,11.94,11.23,180,0,0
44035.931308308915,node_viva_demo,198,44035.9289469,18.28,1.68,16.13,12.94,180,0,0
44035.94684019421,node_viva_demo,199,44035.945546899995,15.53,1.07,11.72,12.51,180,0,0
44035.96544376601,node_viva_demo,200,44035.9621469,18.6,2.0,15.67,13.62,180,0,0
44035.98213244596,node_viva_demo,201,44035.9787469,16.69,0.09,14.34,13.87,180,0,0
44035.99760262581,node_viva_demo,202,44035.995346899996,15.47,1.13,16.37,14.75,180,0,0
44036.013313950054,node_viva_demo,203,44036.0119469,15.71,0.89,14.41,14.63,180,0,0
44036.03077797045,node_viva_demo,204,44036.0285469,17.46,0.86,19.81,16.44,180,0,0
44036.04860626425,node_viva_demo,205,44036.045146899996,17.83,1.23,17.31,16.75,180,0,0
44036.06456929514,node_viva_demo,206,44036.0617469,15.96,0.64,18.84,17.48,180,0,0
44036.082106257556,node_viva_demo,207,44036.078346899994,17.54,0.94,19.6,18.22,180,0,0
44036.09678954574,node_viva_demo,208,44036.0949469,14.68,1.92,18.0,18.14,180,0,0
44036.11564928395,node_viva_demo,209,44036.1115469,18.86,2.26,19.73,18.7,180,0,0
44036.13065972324,node_viva_demo,210,44036.128146899995,15.01,1.59,16.68,17.99,180,0,0
44036.1473118499,node_viva_demo,211,44036.1447469,16.65,0.05,20.9,19.01,180,0,0
44036.16181319339,node_viva_demo,212,44036.1613469,14.5,2.1,20.08,19.39,180,0,0
44036.179996927756,node_viva_demo,213,44036.177946899996,18.18,1.58,18.47,19.06,180,0,0
44036.19788919592,node_viva_demo,214,44036.1945469,17.89,1.29,23.28,20.54,180,0,0
44036.21379562257,node_viva_demo,215,44036.2111469,15.91,0.69,17.32,19.41,180,0,0
44036.22993488156,node_viva_demo,216,44036.2277469,16.14,0.46,19.62,19.48,180,0,0
44036.244728741534,node_viva_demo,217,44036.2443469,14.79,1.81,23.36,20.84,180,0,0
44036.26323679833,node_viva_demo,218,44036.260946899994,18.51,1.91,20.46,20.71,180,0,0
44036.280264449575,node_viva_demo,219,44036.2775469,17.03,0.43,20.87,20.77,180,0,0
44036.29857508157,node_viva_demo,220,44036.2941469,18.31,1.71,21.06,20.87,180,0,0
44036.31229344161,node_viva_demo,221,44036.310746899995,13.72,2.88,22.0,21.26,180,0,0
44036.32901411552,node_viva_demo,222,44036.3273469,16.72,0.12,21.44,21.32,180,0,0
44036.34527777327,node_viva_demo,223,44036.3439469,16.26,0.34,22.48,21.73,180,0,0
44036.36416255013,node_viva_demo,224,44036.360546899996,18.88,2.28,21.88,21.78,180,0,0
44036.38084515787,node_viva_demo,225,44036.3771469,16.68,0.08,19.76,21.07,180,0,0
44036.39723481568,node_viva_demo,226,44036.3937469,16.39,0.21,23.21,21.82,180,0,0
44036.4130975167,node_viva_demo,227,44036.4103469,15.86,0.74,19.65,21.06,180,0,0
44036.4306165997,node_viva_demo,228,44036.4269469,17.52,0.92,22.99,21.74,180,0,0
44036.44619432351,node_viva_demo,229,44036.443546899995,15.58,1.02,21.07,21.5,180,0,0
44036.46351888194,node_viva_demo,230,44036.4601469,17.32,0.72,20.7,21.22,180,0,0
44036.47951167741,node_viva_demo,231,44036.4767469,15.99,0.61,20.21,20.87,180,0,0
44036.4962438392,node_viva_demo,232,44036.493346899995,16.73,0.13,22.67,21.5,180,0,0
44036.51373527202,node_viva_demo,233,44036.5099469,17.49,0.89,22.59,21.88,180,0,0
44036.530725686716,node_viva_demo,234,44036.5265469,16.99,0.39,17.64,20.39,180,0,0
44036.54553722675,node_viva_demo,235,44036.543146899996,14.81,1.79,24.53,21.84,180,0,0
44036.562552490024,node_viva_demo,236,44036.5597469,17.02,0.42,21.31,21.66,180,0,0
44036.57887937871,node_viva_demo,237,44036.5763469,16.33,0.27,21.82,21.71,180,0,0
44036.59587382931,node_viva_demo,238,44036.5929469,16.99,0.39,17.96,20.4,180,0,0
44036.61245579643,node_viva_demo,239,44036.6095469,16.58,0.02,20.25,20.35,180,0,0
44036.62802195285,node_viva_demo,240,44036.626146899995,15.57,1.03,20.52,20.41,180,0,0
44036.64418148402,node_viva_demo,241,44036.6427469,16.16,0.44,18.77,19.83,180,0,0
44036.6618862541,node_viva_demo,242,44036.6593469,17.7,1.1,18.9,19.51,180,0,0
44036.67841977609,node_viva_demo,243,44036.675946899995,16.53,0.07,20.54,19.87,180,0,0
44036.695258140026,node_viva_demo,244,44036.6925469,16.84,0.24,15.76,18.43,180,0,0
44036.7118263854,node_viva_demo,245,44036.7091469,16.57,0.03,15.53,17.41,180,0,0
44036.7286405314,node_viva_demo,246,44036.725746899996,16.81,0.21,14.02,16.22,180,0,0
44036.745631629456,node_viva_demo,247,44036.7423469,16.99,0.39,14.93,15.77,180,0,0
44036.76074678203,node_viva_demo,248,44036.7589469,15.12,1.48,11.99,14.45,180,0,0
44036.77891862676,node_viva_demo,249,44036.7755469,18.17,1.57,13.93,14.27,180,0,0
44036.795410474224,node_viva_demo,250,44036.7921469,16.49,0.11,11.49,13.29,180,0,0
44036.81057694205,node_viva_demo,251,44036.808746899995,15.17,1.43,10.49,12.31,180,0,0
44036.82786213231,node_viva_demo,252,44036.8253469,17.29,0.69,10.68,11.74,180,0,0
44036.84492257625,node_viva_demo,253,44036.8419469,17.06,0.46,12.4,11.97,180,0,0
44036.86183821871,node_viva_demo,254,44036.858546899995,16.92,0.32,11.98,11.98,180,0,0
44036.876428374926,node_viva_demo,255,44036.8751469,14.59,2.01,10.49,11.46,180,0,0
44036.89472151816,node_viva_demo,256,44036.8917469,18.29,1.69,8.45,10.4,180,0,0
44036.91108188569,node_viva_demo,257,44036.908346899996,16.36,0.24,11.73,10.87,180,0,0
44036.92767612702,node_viva_demo,258,44036.9249469,16.59,0.01,7.08,9.54,180,0,0
44036.943481401446,node_viva_demo,259,44036.9415469,15.81,0.79,6.92,8.63,180,0,0
44036.960504595125,node_viva_demo,260,44036.9581469,17.02,0.42,4.57,7.21,180,0,0
44036.978659835775,node_viva_demo,261,44036.9747469,18.16,1.56,5.46,6.59,180,0,0
44036.99366366726,node_viva_demo,262,44036.991346899995,15.0,1.6,8.78,7.36,180,0,0
44037.01119691287,node_viva_demo,263,44037.0079469,17.53,0.93,3.25,5.92,180,0,0
44037.02800315015,node_viva_demo,264,44037.0245469,16.81,0.21,4.43,5.4,180,0,0
44037.04457184114,node_viva_demo,265,44037.041146899996,16.57,0.03,2.51,4.39,180,0,0
44037.05869202567,node_viva_demo,266,44037.0577469,14.12,2.48,3.78,4.18,180,0,0
44037.07647424154,node_viva_demo,267,44037.0743469,17.78,1.18,2.7,3.66,180,0,0
44037.094113125226,node_viva_demo,268,44037.090946899996,17.64,1.04,-0.78,2.1,180,0,0
44037.109515858654,node_viva_demo,269,44037.1075469,15.4,1.2,-0.69,1.13,180,0,0
44037.127991279965,node_viva_demo,270,44037.1241469,18.48,1.88,-2.0,0.03,180,0,0
44037.14174485991,node_viva_demo,271,44037.1407469,13.75,2.85,0.26,0.11,180,0,0
44037.16103354599,node_viva_demo,272,44037.1573469,19.29,2.69,-1.04,-0.29,180,0,0
44037.176909008056,node_viva_demo,273,44037.173946899995,15.88,0.72,-2.03,-0.9,180,0,0
44037.1929283,node_viva_demo,274,44037.1905469,16.02,0.58,-5.62,-2.55,180,0,0
44037.209800756245,node_viva_demo,275,44037.2071469,16.87,0.27,-3.99,-3.05,180,0,0
44037.22520095805,node_viva_demo,276,44037.223746899996,15.4,1.2,-4.48,-3.55,180,0,0
44037.24370459254,node_viva_demo,277,44037.2403469,18.5,1.9,-7.41,-4.9,180,0,0
44037.2606262774,node_viva_demo,278,44037.2569469,16.92,0.32,-8.11,-6.03,180,0,0
44037.27494280509,node_viva_demo,279,44037.273546899996,14.32,2.28,-11.67,-8.0,180,0,0
44037.29360253347,node_viva_demo,280,44037.2901469,18.66,2.06,-5.95,-7.28,180,0,0
44037.308172248595,node_viva_demo,281,44037.306746899994,14.57,2.03,-8.34,-7.65,180,0,0
44037.32520071538,node_viva_demo,282,44037.3233469,17.03,0.43,-9.29,-8.23,180,0,0
44037.34216416118,node_viva_demo,283,44037.3399469,16.96,0.36,-11.07,-9.22,180,0,0
44037.358921494415,node_viva_demo,284,44037.356546899995,16.76,0.16,-10.86,-9.79,180,0,0
44037.37586007568,node_viva_demo,285,44037.3731469,16.94,0.34,-12.99,-10.91,180,0,0
44037.39228399426,node_viva_demo,286,44037.3897469,16.42,0.18,-10.92,-10.91,180,0,0
44037.409357072174,node_viva_demo,287,44037.406346899996,17.07,0.47,-10.18,-10.66,180,0,0
44037.424876123354,node_viva_demo,288,44037.4229469,15.52,1.08,-10.07,-10.45,180,0,0
44037.44253543344,node_viva_demo,289,44037.4395469,17.66,1.06,-11.58,-10.85,180,0,0
44037.45880644382,node_viva_demo,290,44037.4561469,16.27,0.33,-14.07,-11.98,180,0,0
44037.47451045732,node_viva_demo,291,44037.4727469,15.7,0.9,-14.3,-12.79,180,0,0
44037.49105335815,node_viva_demo,292,44037.489346899994,16.54,0.06,-14.46,-13.37,180,0,0
44037.50813297678,node_viva_demo,293,44037.5059469,17.08,0.48,-15.95,-14.28,180,0,0
44037.52279868696,node_viva_demo,294,44037.5225469,14.67,1.93,-15.14,-14.58,180,0,0
44037.54026425932,node_viva_demo,295,44037.539146899995,17.47,0.87,-16.89,-15.39,180,0,0
44037.558315557595,node_viva_demo,296,44037.5557469,18.05,1.45,-15.88,-15.56,180,0,0
44037.57471134666,node_viva_demo,297,44037.5723469,16.4,0.2,-19.99,-17.11,180,0,0
44037.59290672095,node_viva_demo,298,44037.588946899996,18.2,1.6,-20.02,-18.13,180,0,0
44037.607930118196,node_viva_demo,299,44037.6055469,15.02,1.58,-19.35,-18.56,180,0,0
44037.6249139506,node_viva_demo,300,44037.6221469,16.98,0.38,-18.38,-18.5,180,0,0
44037.64142345742,node_viva_demo,301,44037.6387469,16.51,0.09,-21.85,-19.67,180,0,0
44037.65867103602,node_viva_demo,302,44037.6553469,17.25,0.65,-23.72,-21.09,180,0,0
44037.67429611622,node_viva_demo,303,44037.671946899995,15.63,0.97,-20.96,-21.04,180,0,0
44037.690646122384,node_viva_demo,304,44037.6885469,16.35,0.25,-16.37,-19.41,180,0,0
44037.706847702946,node_viva_demo,305,44037.7051469,16.2,0.4,-22.8,-20.6,180,0,0
44037.723921964985,node_viva_demo,306,44037.721746899995,17.07,0.47,-23.52,-21.62,180,0,0
44037.741243473356,node_viva_demo,307,44037.7383469,17.32,0.72,-22.17,-21.81,180,0,0
44037.75783396508,node_viva_demo,308,44037.7549469,16.59,0.01,-20.68,-21.42,180,0,0
44037.77418087746,node_viva_demo,309,44037.771546899996,16.35,0.25,-26.85,-23.32,180,0,0
44037.79120228736,node_viva_demo,310,44037.7881469,17.02,0.42,-20.9,-22.47,180,0,0
44037.807543416246,node_viva_demo,311,44037.8047469,16.34,0.26,-19.87,-21.56,180,0,0
44037.82392440457,node_viva_demo,312,44037.8213469,16.38,0.22,-23.0,-22.07,180,0,0
44037.83967600014,node_viva_demo,313,44037.8379469,15.75,0.85,-22.15,-22.1,180,0,0
44037.85742217668,node_viva_demo,314,44037.854546899995,17.75,1.15,-22.73,-22.32,180,0,0
44037.87274726451,node_viva_demo,315,44037.8711469,15.33,1.27,-22.09,-22.24,180,0,0
44037.890757892696,node_viva_demo,316,44037.8877469,18.01,1.41,-20.86,-21.76,180,0,0
44037.90626086539,node_viva_demo,317,44037.904346899995,15.5,1.1,-23.75,-22.45,180,0,0
44037.9247492925,node_viva_demo,318,44037.9209469,18.49,1.89,-20.11,-21.63,180,0,0
44037.939967949125,node_viva_demo,319,44037.9375469,15.22,1.38,-21.28,-21.51,180,0,0
44037.95644057641,node_viva_demo,320,44037.954146899996,16.47,0.13,-23.69,-22.27,180,0,0
44037.97449519491,node_viva_demo,321,44037.9707469,18.05,1.45,-19.59,-21.33,180,0,0
44037.99042281692,node_viva_demo,322,44037.9873469,15.93,0.67,-22.2,-21.64,180,0,0
44038.00694682704,node_viva_demo,323,44038.0039469,16.52,0.08,-20.38,-21.2,180,0,0
44038.02183004038,node_viva_demo,324,44038.0205469,14.88,1.72,-23.03,-21.84,180,0,0
44038.03881663218,node_viva_demo,325,44038.037146899995,16.99,0.39,-20.66,-21.42,180,0,0
44038.05775705708,node_viva_demo,326,44038.0537469,18.94,2.34,-19.47,-20.74,180,0,0
44038.07261099913,node_viva_demo,327,44038.0703469,14.85,1.75,-21.08,-20.86,180,0,0
44038.09010336986,node_viva_demo,328,44038.086946899995,17.49,0.89,-19.63,-20.43,180,0,0
44038.104549088945,node_viva_demo,329,44038.1035469,14.45,2.15,-19.64,-20.15,180,0,0
44038.12240176639,node_viva_demo,330,44038.1201469,17.85,1.25,-18.76,-19.66,180,0,0
44038.13966559969,node_viva_demo,331,44038.136746899996,17.26,0.66,-15.34,-18.15,180,0,0
44038.156713140714,node_viva_demo,332,44038.1533469,17.05,0.45,-18.09,-18.13,180,0,0
44038.17160277975,node_viva_demo,333,44038.1699469,14.89,1.71,-18.17,-18.14,180,0,0
44038.189820323765,node_viva_demo,334,44038.1865469,18.22,1.62,-20.41,-18.94,180,0,0
44038.206462868926,node_viva_demo,335,44038.2031469,16.64,0.04,-17.35,-18.38,180,0,0
44038.22344538563,node_viva_demo,336,44038.219746899995,16.98,0.38,-16.7,-17.79,180,0,0
44038.236962772244,node_viva_demo,337,44038.2363469,13.52,3.08,-17.58,-17.72,180,0,0
44038.255299975244,node_viva_demo,338,44038.2529469,18.34,1.74,-12.76,-15.98,180,0,0
44038.27182186493,node_viva_demo,339,44038.269546899995,16.52,0.08,-11.93,-14.56,180,0,0
44038.28905860414,node_viva_demo,340,44038.2861469,17.24,0.64,-13.92,-14.34,180,0,0
44038.305666617445,node_viva_demo,341,44038.3027469,16.61,0.01,-13.32,-13.98,180,0,0
44038.32203467964,node_viva_demo,342,44038.319346899996,16.37,0.23,-10.73,-12.84,180,0,0
44038.338217768054,node_viva_demo,343,44038.3359469,16.18,0.42,-9.51,-11.68,180,0,0
44038.35505872747,node_viva_demo,344,44038.3525469,16.84,0.24,-10.66,-11.32,180,0,0
44038.37103177072,node_viva_demo,345,44038.3691469,15.97,0.63,-12.76,-11.82,180,0,0
44038.388419084506,node_viva_demo,346,44038.3857469,17.39,0.79,-12.08,-11.91,180,0,0
44038.40404986329,node_viva_demo,347,44038.402346899995,15.63,0.97,-12.61,-12.16,180,0,0
44038.42337132423,node_viva_demo,348,44038.4189469,19.32,2.72,-7.25,-10.44,180,0,0
44038.43766919954,node_viva_demo,349,44038.4355469,14.3,2.3,-10.07,-10.31,180,0,0
44038.45466387024,node_viva_demo,350,44038.452146899996,16.99,0.39,-6.31,-8.91,180,0,0
44038.46931819771,node_viva_demo,351,44038.4687469,14.65,1.95,-5.78,-7.81,180,0,0
44038.48833409994,node_viva_demo,352,44038.4853469,19.02,2.42,-6.24,-7.26,180,0,0
44038.50429243481,node_viva_demo,353,44038.501946899996,15.96,0.64,-5.1,-6.51,180,0,0
44038.52231890871,node_viva_demo,354,44038.5185469,18.03,1.43,-4.91,-5.95,180,0,0
44038.5371368516,node_viva_demo,355,44038.535146899994,14.82,1.78,-6.18,-6.03,180,0,0
44038.55442140476,node_viva_demo,356,44038.5517469,17.28,0.68,-4.17,-5.38,180,0,0
44038.57028331283,node_viva_demo,357,44038.5683469,15.86,0.74,-3.0,-4.55,180,0,0
44038.58772025543,node_viva_demo,358,44038.584946899995,17.44,0.84,-0.19,-3.02,180,0,0
44038.603660931614,node_viva_demo,359,44038.6015469,15.94,0.66,-0.03,-1.98,180,0,0
44038.62034855158,node_viva_demo,360,44038.6181469,16.69,0.09,1.48,-0.76,180,0,0
44038.63652557596,node_viva_demo,361,44038.634746899996,16.18,0.42,1.65,0.08,180,0,0
44038.65296203486,node_viva_demo,362,44038.6513469,16.44,0.16,4.07,1.48,180,0,0
44038.67167151546,node_viva_demo,363,44038.6679469,18.71,2.11,3.8,2.29,180,0,0
44038.68864312606,node_viva_demo,364,44038.684546899996,16.97,0.37,3.14,2.59,180,0,0
44038.70329521432,node_viva_demo,365,44038.7011469,14.65,1.95,7.28,4.23,180,0,0
44038.72055962732,node_viva_demo,366,44038.717746899994,17.26,0.66,8.97,5.89,180,0,0
44038.73798578475,node_viva_demo,367,44038.7343469,17.43,0.83,3.1,4.91,180,0,0
44038.752974968185,node_viva_demo,368,44038.7509469,14.99,1.61,6.26,5.38,180,0,0
44038.768739085426,node_viva_demo,369,44038.767546899995,15.76,0.84,6.36,5.72,180,0,0
44038.78773997739,node_viva_demo,370,44038.7841469,19.0,2.4,9.64,7.09,180,0,0
44038.80330009649,node_viva_demo,371,44038.8007469,15.56,1.04,12.49,8.98,180,0,0
44038.82033556059,node_viva_demo,372,44038.817346899996,17.04,0.44,8.02,8.65,180,0,0
44038.83680846661,node_viva_demo,373,44038.8339469,16.47,0.13,9.67,9.0,180,0,0
44038.85395439005,node_viva_demo,374,44038.8505469,17.15,0.55,13.04,10.42,180,0,0
44038.8697419993,node_viva_demo,375,44038.8671469,15.79,0.81,10.02,10.28,180,0,0
44038.88532266651,node_viva_demo,376,44038.8837469,15.58,1.02,14.07,11.61,180,0,0
44038.903096855414,node_viva_demo,377,44038.900346899994,17.77,1.17,11.54,11.58,180,0,0
44038.917952329604,node_viva_demo,378,44038.9169469,14.86,1.74,13.24,12.17,180,0,0
44038.935692993175,node_viva_demo,379,44038.9335469,17.74,1.14,11.99,12.1,180,0,0
44038.953210527055,node_viva_demo,380,44038.950146899995,17.52,0.92,16.83,13.76,180,0,0
44038.969573364615,node_viva_demo,381,44038.9667469,16.36,0.24,15.07,14.22,180,0,0
44038.98656128778,node_viva_demo,382,44038.9833469,16.99,0.39,16.79,15.12,180,0,0
44039.00224721658,node_viva_demo,383,44038.999946899996,15.69,0.91,17.36,15.9,180,0,0
44039.018282086116,node_viva_demo,384,44039.0165469,16.03,0.57,16.5,16.11,180,0,0
44039.0360058818,node_viva_demo,385,44039.0331469,17.72,1.12,18.15,16.83,180,0,0
44039.05358789078,node_viva_demo,386,44039.0497469,17.58,0.98,15.09,16.22,180,0,0
44039.06842312643,node_viva_demo,387,44039.0663469,14.84,1.76,14.92,15.76,180,0,0
44039.08573874267,node_viva_demo,388,44039.082946899995,17.32,0.72,16.31,15.96,180,0,0
44039.10177122953,node_viva_demo,389,44039.0995469,16.03,0.57,17.52,16.5,180,0,0
44039.11867975025,node_viva_demo,390,44039.1161469,16.91,0.31,17.4,16.82,180,0,0
44039.13454029797,node_viva_demo,391,44039.132746899995,15.86,0.74,20.93,18.26,180,0,0
44039.150966800626,node_viva_demo,392,44039.1493469,16.43,0.17,18.6,18.38,180,0,0
44039.16889820488,node_viva_demo,393,44039.1659469,17.93,1.33,20.79,19.22,180,0,0
44039.18619492274,node_viva_demo,394,44039.182546899996,17.3,0.7,23.5,20.72,180,0,0
44039.20097620732,node_viva_demo,395,44039.1991469,14.78,1.82,20.25,20.56,180,0,0
44039.22059913536,node_viva_demo,396,44039.2157469,19.62,3.02,20.87,20.67,180,0,0
44039.235564980314,node_viva_demo,397,44039.2323469,14.97,1.63,19.48,20.25,180,0,0
44039.250624616194,node_viva_demo,398,44039.2489469,15.06,1.54,18.4,19.6,180,0,0
44039.2684306149,node_viva_demo,399,44039.265546899995,17.81,1.21,21.68,20.33,180,0,0
44039.28344068498,node_viva_demo,400,44039.2821469,15.01,1.59,24.46,21.78,180,0,0
44039.29969879627,node_viva_demo,401,44039.2987469,16.26,0.34,20.26,21.25,180,0,0
44039.31854695315,node_viva_demo,402,44039.315346899995,18.85,2.25,21.47,21.32,180,0,0
44039.33425662934,node_viva_demo,403,44039.3319469,15.71,0.89,25.06,22.63,180,0,0
44039.35201347672,node_viva_demo,404,44039.3485469,17.76,1.16,21.26,22.15,180,0,0
44039.367706634075,node_viva_demo,405,44039.365146899996,15.69,0.91,21.9,22.06,180,0,0
44039.38467238427,node_viva_demo,406,44039.3817469,16.97,0.37,26.58,23.65,180,0,0
44039.40027326342,node_viva_demo,407,44039.3983469,15.6,1.0,19.44,22.17,180,0,0
44039.41686271889,node_viva_demo,408,44039.4149469,16.59,0.01,23.05,22.48,180,0,0
44039.43424044851,node_viva_demo,409,44039.4315469,17.38,0.78,22.66,22.54,180,0,0
44039.45005701852,node_viva_demo,410,44039.448146899995,15.82,0.78,20.27,21.75,180,0,0
44039.46724595292,node_viva_demo,411,44039.4647469,17.19,0.59,22.66,22.07,180,0,0
44039.48435376259,node_viva_demo,412,44039.4813469,17.11,0.51,20.88,21.65,180,0,0
44039.49875552627,node_viva_demo,413,44039.497946899995,14.4,2.2,18.79,20.65,180,0,0
44039.51644943725,node_viva_demo,414,44039.5145469,17.69,1.09,24.11,21.86,180,0,0
44039.534217221655,node_viva_demo,415,44039.5311469,17.77,1.17,20.55,21.4,180,0,0
44039.55172283853,node_viva_demo,416,44039.547746899996,17.51,0.91,20.98,21.25,180,0,0
44039.567013209366,node_viva_demo,417,44039.5643469,15.29,1.31,22.76,21.78,180,0,0
44039.58202136104,node_viva_demo,418,44039.5809469,15.01,1.59,24.88,22.86,180,0,0
44039.60098629803,node_viva_demo,419,44039.5975469,18.96,2.36,20.29,21.96,180,0,0
44039.616856309265,node_viva_demo,420,44039.6141469,15.87,0.73,16.38,20.01,180,0,0
44039.634019367586,node_viva_demo,421,44039.630746899995,17.16,0.56,18.71,19.56,180,0,0
44039.649472781406,node_viva_demo,422,44039.6473469,15.45,1.15,18.07,19.03,180,0,0
44039.66595349847,node_viva_demo,423,44039.6639469,16.48,0.12,19.06,19.04,180,0,0
44039.68363439501,node_viva_demo,424,44039.680546899996,17.68,1.08,14.62,17.5,180,0,0
44039.6993083361,node_viva_demo,425,44039.6971469,15.67,0.93,16.52,17.16,180,0,0
44039.71593214623,node_viva_demo,426,44039.7137469,16.62,0.02,18.78,17.72,180,0,0
44039.7331929202,node_viva_demo,427,44039.730346899996,17.26,0.66,17.95,17.8,180,0,0
44039.750279336615,node_viva_demo,428,44039.7469469,17.09,0.49,15.58,17.03,180,0,0
44039.767476831126,node_viva_demo,429,44039.7635469,17.2,0.6,15.1,16.35,180,0,0
44039.7826350896,node_viva_demo,430,44039.7801469,15.16,1.44,12.24,14.91,180,0,0
44039.799517994965,node_viva_demo,431,44039.7967469,16.88,0.28,12.33,14.01,180,0,0
44039.815759608995,node_viva_demo,432,44039.813346899995,16.24,0.36,12.18,13.37,180,0,0
44039.83204640435,node_viva_demo,433,44039.8299469,16.29,0.31,13.86,13.54,180,0,0
44039.84872191981,node_viva_demo,434,44039.8465469,16.68,0.08,8.6,11.81,180,0,0
44039.86544666922,node_viva_demo,435,44039.863146899996,16.72,0.12,9.02,10.83,180,0,0
44039.882168795055,node_viva_demo,436,44039.8797469,16.72,0.12,9.17,10.25,180,0,0
44039.89803006754,node_viva_demo,437,44039.8963469,15.86,0.74,10.19,10.23,180,0,0
44039.914559366065,node_viva_demo,438,44039.912946899996,16.53,0.07,10.23,10.23,180,0,0
44039.9328428564,node_viva_demo,439,44039.9295469,18.28,1.68,6.16,8.81,180,0,0
44039.94832026429,node_viva_demo,440,44039.946146899994,15.48,1.12,9.54,9.06,180,0,0
44039.96715248428,node_viva_demo,441,44039.9627469,18.83,2.23,6.57,8.19,180,0,0
44039.9809846037,node_viva_demo,442,44039.9793469,13.83,2.77,5.5,7.25,180,0,0
44039.997319061404,node_viva_demo,443,44039.995946899995,16.33,0.27,1.24,5.15,180,0,0
44040.01513409978,node_viva_demo,444,44040.0125469,17.82,1.22,5.66,5.32,180,0,0
44040.03040221782,node_viva_demo,445,44040.0291469,15.27,1.33,2.66,4.39,180,0,0
44040.04822371499,node_viva_demo,446,44040.045746899996,17.82,1.22,2.1,3.59,180,0,0
44040.064847697395,node_viva_demo,447,44040.0623469,16.62,0.02,0.76,2.6,180,0,0
44040.08223641304,node_viva_demo,448,44040.0789469,17.39,0.79,1.25,2.13,180,0,0
44040.09635179261,node_viva_demo,449,44040.0955469,14.12,2.48,-0.75,1.12,180,0,0
44040.11465434532,node_viva_demo,450,44040.1121469,18.3,1.7,-1.86,0.08,180,0,0
44040.130544744046,node_viva_demo,451,44040.128746899994,15.89,0.71,-1.59,-0.51,180,0,0
44040.14746183891,node_viva_demo,452,44040.1453469,16.92,0.32,-3.84,-1.68,180,0,0
44040.164264153325,node_viva_demo,453,44040.1619469,16.8,0.2,-0.81,-1.37,180,0,0
44040.18143602619,node_viva_demo,454,44040.178546899995,17.17,0.57,-6.5,-3.17,180,0,0
44040.19854466878,node_viva_demo,455,44040.1951469,17.11,0.51,-2.39,-2.89,180,0,0
44040.21437119527,node_viva_demo,456,44040.2117469,15.83,0.77,-4.82,-3.57,180,0,0
44040.22960936568,node_viva_demo,457,44040.228346899996,15.24,1.36,-7.95,-5.1,180,0,0
44040.24776213183,node_viva_demo,458,44040.2449469,18.15,1.55,-6.4,-5.55,180,0,0
44040.264729571034,node_viva_demo,459,44040.2615469,16.97,0.37,-8.57,-6.61,180,0,0
44040.28075514511,node_viva_demo,460,44040.2781469,16.03,0.57,-6.07,-6.42,180,0,0
44040.29794153712,node_viva_demo,461,44040.2947469,17.19,0.59,-9.69,-7.57,180,0,0
44040.31400975567,node_viva_demo,462,44040.311346899995,16.07,0.53,-10.93,-8.74,180,0,0
44040.33037010391,node_viva_demo,463,44040.3279469,16.36,0.24,-10.12,-9.22,180,0,0
44040.346471587334,node_viva_demo,464,44040.3445469,16.1,0.5,-11.42,-9.99,180,0,0
44040.36482971947,node_viva_demo,465,44040.361146899995,18.36,1.76,-12.83,-10.99,180,0,0
44040.38082252631,node_viva_demo,466,44040.3777469,15.99,0.61,-11.3,-11.09,180,0,0
44040.39824897713,node_viva_demo,467,44040.3943469,17.43,0.83,-11.46,-11.22,180,0,0
44040.41321767751,node_viva_demo,468,44040.410946899996,14.97,1.63,-13.86,-12.15,180,0,0
44040.43122740365,node_viva_demo,469,44040.4275469,18.01,1.41,-12.36,-12.22,180,0,0
44040.44658276933,node_viva_demo,470,44040.4441469,15.36,1.24,-17.25,-13.98,180,0,0
44040.46331802836,node_viva_demo,471,44040.4607469,16.74,0.14,-15.27,-14.43,180,0,0
44040.47896408956,node_viva_demo,472,44040.4773469,15.65,0.95,-17.3,-15.44,180,0,0
44040.49691270066,node_viva_demo,473,44040.493946899995,17.95,1.35,-16.03,-15.64,180,0,0
44040.51277738817,node_viva_demo,474,44040.5105469,15.86,0.74,-16.66,-16.0,180,0,0
44040.52931668591,node_viva_demo,475,44040.5271469,16.54,0.06,-17.34,-16.47,180,0,0
44040.54631640288,node_viva_demo,476,44040.543746899995,17.0,0.4,-14.61,-15.82,180,0,0
44040.56158997196,node_viva_demo,477,44040.5603469,15.27,1.33,-16.78,-16.15,180,0,0
44040.57980978266,node_viva_demo,478,44040.5769469,18.22,1.62,-17.54,-16.64,180,0,0
44040.595416955686,node_viva_demo,479,44040.593546899996,15.61,0.99,-18.95,-17.45,180,0,0
44040.612560902526,node_viva_demo,480,44040.6101469,17.14,0.54,-19.78,-18.26,180,0,0
44040.628438737935,node_viva_demo,481,44040.6267469,15.88,0.72,-18.55,-18.36,180,0,0
44040.64551981506,node_viva_demo,482,44040.6433469,17.08,0.48,-20.9,-19.25,180,0,0
44040.663055943885,node_viva_demo,483,44040.6599469,17.54,0.94,-19.37,-19.29,180,0,0
44040.679540319536,node_viva_demo,484,44040.676546899995,16.48,0.12,-19.46,-19.35,180,0,0
44040.697446352424,node_viva_demo,485,44040.6931469,17.91,1.31,-21.98,-20.27,180,0,0
44040.71120468619,node_viva_demo,486,44040.7097469,13.76,2.84,-20.86,-20.48,180,0,0
44040.72854956461,node_viva_demo,487,44040.726346899995,17.34,0.74,-21.78,-20.93,180,0,0
44040.74470164065,node_viva_demo,488,44040.7429469,16.15,0.45,-20.65,-20.83,180,0,0
44040.762211331785,node_viva_demo,489,44040.7595469,17.51,0.91,-20.79,-20.82,180,0,0
44040.777938464176,node_viva_demo,490,44040.776146899996,15.73,0.87,-23.95,-21.91,180,0,0
44040.79496208775,node_viva_demo,491,44040.7927469,17.02,0.42,-20.49,-21.41,180,0,0
44040.81139549166,node_viva_demo,492,44040.8093469,16.43,0.17,-21.64,-21.49,180,0,0
44040.82823576649,node_viva_demo,493,44040.8259469,16.84,0.24,-20.54,-21.16,180,0,0
44040.84532949356,node_viva_demo,494,44040.8425469,17.09,0.49,-23.89,-22.12,180,0,0
44040.859694791456,node_viva_demo,495,44040.859146899995,14.37,2.23,-20.53,-21.56,180,0,0
44040.87875024282,node_viva_demo,496,44040.8757469,19.06,2.46,-25.89,-23.07,180,0,0
44040.89545210266,node_viva_demo,497,44040.8923469,16.7,0.1,-22.98,-23.04,180,0,0
44040.91098090905,node_viva_demo,498,44040.908946899995,15.53,1.07,-20.41,-22.12,180,0,0
44040.926948600616,node_viva_demo,499,44040.9255469,15.97,0.63,-21.48,-21.9,180,0,0
44040.94349627634,node_viva_demo,500,44040.9421469,16.55,0.05,-23.82,-22.57,180,0,0
44040.96174804814,node_viva_demo,501,44040.958746899996,18.25,1.65,-21.2,-22.09,180,0,0
44040.97811888374,node_viva_demo,502,44040.9753469,16.37,0.23,-21.35,-21.83,180,0,0
44040.99313781875,node_viva_demo,503,44040.9919469,15.02,1.58,-21.2,-21.61,180,0,0
44041.01122189459,node_viva_demo,504,44041.0085469,18.08,1.48,-22.06,-21.77,180,0,0
44041.02689283976,node_viva_demo,505,44041.0251469,15.67,0.93,-22.46,-22.01,180,0,0
44041.043950682375,node_viva_demo,506,44041.041746899995,17.06,0.46,-22.2,-22.08,180,0,0
44041.05926553251,node_viva_demo,507,44041.0583469,15.31,1.29,-18.51,-20.83,180,0,0
44041.07578872532,node_viva_demo,508,44041.0749469,16.52,0.08,-19.55,-20.38,180,0,0
44041.09505858159,node_viva_demo,509,44041.091546899996,19.27,2.67,-20.86,-20.55,180,0,0
44041.109852098234,node_viva_demo,510,44041.1081469,14.79,1.81,-17.92,-19.63,180,0,0
44041.12710883752,node_viva_demo,511,44041.1247469,17.26,0.66,-17.82,-18.99,180,0,0
44041.144647950525,node_viva_demo,512,44041.141346899996,17.54,0.94,-19.96,-19.33,180,0,0
44041.16112264436,node_viva_demo,513,44041.1579469,16.47,0.13,-15.84,-18.11,180,0,0
44041.1769547445,node_viva_demo,514,44041.174546899994,15.83,0.77,-17.27,-17.82,180,0,0
44041.19597801446,node_viva_demo,515,44041.1911469,19.02,2.42,-17.22,-17.61,180,0,0
44041.209027926925,node_viva_demo,516,44041.2077469,13.05,3.55,-12.5,-15.82,180,0,0
44041.227211466954,node_viva_demo,517,44041.224346899995,18.18,1.58,-16.78,-16.15,180,0,0
44041.24428802221,node_viva_demo,518,44041.2409469,17.08,0.48,-12.56,-14.9,180,0,0
44041.25968647911,node_viva_demo,519,44041.2575469,15.4,1.2,-12.12,-13.92,180,0,0
44041.27687662472,node_viva_demo,520,44041.274146899996,17.19,0.59,-14.21,-14.02,180,0,0
44041.29231244527,node_viva_demo,521,44041.2907469,15.44,1.16,-13.59,-13.87,180,0,0
44041.30866117105,node_viva_demo,522,44041.3073469,16.35,0.25,-13.72,-13.82,180,0,0
44041.325830551104,node_viva_demo,523,44041.3239469,17.17,0.57,-13.72,-13.78,180,0,0
44041.34315029174,node_viva_demo,524,44041.3405469,17.32,0.72,-13.12,-13.55,180,0,0
44041.359190886316,node_viva_demo,525,44041.357146899994,16.04,0.56,-11.87,-12.96,180,0,0
44041.37604447178,node_viva_demo,526,44041.3737469,16.85,0.25,-10.19,-11.99,180,0,0
44041.39102868527,node_viva_demo,527,44041.3903469,14.98,1.62,-8.92,-10.92,180,0,0
44041.411078469064,node_viva_demo,528,44041.406946899995,20.05,3.45,-4.64,-8.72,180,0,0
44041.42659775536,node_viva_demo,529,44041.4235469,15.52,1.08,-6.11,-7.8,180,0,0
44041.443868734146,node_viva_demo,530,44041.4401469,17.27,0.67,-3.81,-6.41,180,0,0
44041.46007197441,node_viva_demo,531,44041.456746899996,16.2,0.4,-4.62,-5.78,180,0,0
44041.474700081584,node_viva_demo,532,44041.4733469,14.63,1.97,-3.7,-5.05,180,0,0
44041.492851729694,node_viva_demo,533,44041.4899469,18.15,1.55,-2.52,-4.17,180,0,0
44041.50893288874,node_viva_demo,534,44041.5065469,16.08,0.52,-5.62,-4.67,180,0,0
44041.52574702421,node_viva_demo,535,44041.5231469,16.81,0.21,-0.65,-3.27,180,0,0
44041.543489651856,node_viva_demo,536,44041.539746899994,17.74,1.14,-1.68,-2.71,180,0,0
44041.55952355229,node_viva_demo,537,44041.5563469,16.03,0.57,-2.47,-2.63,180,0,0
44041.57730051866,node_viva_demo,538,44041.5729469,17.78,1.18,0.11,-1.67,180,0,0
44041.591666804925,node_viva_demo,539,44041.589546899995,14.37,2.23,-2.49,-1.96,180,0,0
44041.60962769251,node_viva_demo,540,44041.6061469,17.96,1.36,2.16,-0.51,180,0,0
44041.6257725661,node_viva_demo,541,44041.6227469,16.14,0.46,2.61,0.58,180,0,0
44041.64176540291,node_viva_demo,542,44041.639346899996,15.99,0.61,-3.66,-0.9,180,0,0
44041.65749679897,node_viva_demo,543,44041.6559469,15.73,0.87,4.05,0.83,180,0,0
44041.67650366759,node_viva_demo,544,44041.6725469,19.01,2.41,6.64,2.86,180,0,0
44041.69200793063,node_viva_demo,545,44041.6891469,15.5,1.1,8.95,4.99,180,0,0
44041.70923785388,node_viva_demo,546,44041.7057469,17.23,0.63,8.36,6.17,180,0,0
44041.725594140145,node_viva_demo,547,44041.722346899995,16.36,0.24,6.75,6.37,180,0,0
44041.7432429643,node_viva_demo,548,44041.7389469,17.65,1.05,6.23,6.32,180,0,0
44041.75759593952,node_viva_demo,549,44041.7555469,14.35,2.25,6.83,6.5,180,0,0
44041.77612884611,node_viva_demo,550,44041.772146899995,18.53,1.93,8.54,7.21,180,0,0
44041.791471500255,node_viva_demo,551,44041.7887469,15.34,1.26,9.0,7.84,180,0,0
44041.80630437968,node_viva_demo,552,44041.8053469,14.83,1.77,7.1,7.58,180,0,0
44041.825188554234,node_viva_demo,553,44041.821946899996,18.88,2.28,8.82,8.02,180,0,0
44041.84050608558,node_viva_demo,554,44041.8385469,15.32,1.28,10.42,8.86,180,0,0
44041.85681755243,node_viva_demo,555,44041.8551469,16.31,0.29,11.47,9.77,180,0,0
44041.874498139856,node_viva_demo,556,44041.8717469,17.68,1.08,13.28,11.0,180,0,0
44041.89174439384,node_viva_demo,557,44041.8883469,17.25,0.65,13.75,11.96,180,0,0
44041.907078164186,node_viva_demo,558,44041.904946899995,15.33,1.27,13.71,12.57,180,0,0
44041.92299216043,node_viva_demo,559,44041.9215469,15.91,0.69,16.15,13.83,180,0,0
44041.9417747384,node_viva_demo,560,44041.9381469,18.78,2.18,16.09,14.62,180,0,0
44041.95764696115,node_viva_demo,561,44041.954746899995,15.87,0.73,12.35,13.82,180,0,0
44041.97294892377,node_viva_demo,562,44041.9713469,15.3,1.3,14.97,14.23,180,0,0
44041.99127397786,node_viva_demo,563,44041.9879469,18.33,1.73,19.52,16.08,180,0,0
44042.00710428829,node_viva_demo,564,44042.004546899996,15.83,0.77,18.19,16.82,180,0,0
44042.02472838312,node_viva_demo,565,44042.0211469,17.62,1.02,18.09,17.26,180,0,0
44042.04012096012,node_viva_demo,566,44042.0377469,15.39,1.21,18.63,17.74,180,0,0
44042.05709913395,node_viva_demo,567,44042.0543469,16.98,0.38,19.12,18.22,180,0,0
44042.07282129726,node_viva_demo,568,44042.0709469,15.72,0.88,16.91,17.77,180,0,0
44042.089459352006,node_viva_demo,569,44042.087546899995,16.64,0.04,19.37,18.33,180,0,0
44042.106731344225,node_viva_demo,570,44042.1041469,17.27,0.67,18.05,18.23,180,0,0
44042.12372268823,node_viva_demo,571,44042.1207469,16.99,0.39,17.0,17.8,180,0,0
44042.1394255496,node_viva_demo,572,44042.137346899995,15.7,0.9,22.29,19.37,180,0,0
44042.15600927898,node_viva_demo,573,44042.1539469,16.58,0.02,20.18,19.65,180,0,0
44042.17326820349,node_viva_demo,574,44042.1705469,17.26,0.66,19.55,19.62,180,0,0
44042.189574039854,node_viva_demo,575,44042.187146899996,16.31,0.29,20.24,19.84,180,0,0
44042.20656941987,node_viva_demo,576,44042.2037469,17.0,0.4,18.88,19.5,180,0,0
44042.22355452997,node_viva_demo,577,44042.2203469,16.99,0.39,22.54,20.56,180,0,0
44042.24014678724,node_viva_demo,578,44042.2369469,16.59,0.01,19.27,20.11,180,0,0
44042.25526815726,node_viva_demo,579,44042.2535469,15.12,1.48,21.11,20.46,180,0,0
44042.27147489091,node_viva_demo,580,44042.270146899995,16.21,0.39,19.26,20.04,180,0,0
44042.29069380375,node_viva_demo,581,44042.2867469,19.22,2.62,20.43,20.18,180,0,0
44042.30537778358,node_viva_demo,582,44042.3033469,14.68,1.92,20.25,20.2,180,0,0
44042.3231420972,node_viva_demo,583,44042.319946899996,17.76,1.16,24.45,21.69,180,0,0
44042.33954302947,node_viva_demo,584,44042.3365469,16.4,0.2,21.36,21.57,180,0,0
44042.35468873263,node_viva_demo,585,44042.3531469,15.15,1.45,24.09,22.46,180,0,0
44042.372651572354,node_viva_demo,586,44042.369746899996,17.96,1.36,21.17,22.01,180,0,0
44042.38990252982,node_viva_demo,587,44042.3863469,17.25,0.65,23.64,22.58,180,0,0
44042.404082335095,node_viva_demo,588,44042.402946899994,14.18,2.42,25.61,23.64,180,0,0
44042.42223399352,node_viva_demo,589,44042.4195469,18.15,1.55,19.79,22.29,180,0,0
44042.43805014048,node_viva_demo,590,44042.4361469,15.82,0.78,21.12,21.88,180,0,0
44042.455911165176,node_viva_demo,591,44042.452746899995,17.86,1.26,21.31,21.68,180,0,0
44042.47277886882,node_viva_demo,592,44042.4693469,16.87,0.27,23.95,22.48,180,0,0
44042.48713030592,node_viva_demo,593,44042.4859469,14.35,2.25,24.82,23.3,180,0,0
44042.50598379788,node_viva_demo,594,44042.502546899996,18.85,2.25,20.18,22.2,180,0,0
44042.522141547866,node_viva_demo,595,44042.5191469,16.16,0.44,19.96,21.42,180,0,0
44042.53696728252,node_viva_demo,596,44042.5357469,14.83,1.77,18.01,20.23,180,0,0
44042.55668312754,node_viva_demo,597,44042.552346899996,19.72,3.12,20.56,20.34,180,0,0
44042.57109964113,node_viva_demo,598,44042.5689469,14.42,2.18,19.24,19.96,180,0,0
44042.58822539483,node_viva_demo,599,44042.585546899994,17.13,0.53,19.44,19.78,180,0,0
44042.60417148695,node_viva_demo,600,44042.6021469,15.95,0.65,18.11,19.19,180,0,0
